{"type":"Topology","arcs":[[[2945,4012],[-4,56],[7,3],[26,35],[5,17],[13,15],[45,28],[0,22],[-12,17],[-3,24],[3,30],[-2,10],[7,13],[0,14],[-6,39],[8,-5],[20,4],[11,-1],[5,-7],[7,3],[31,0],[21,11],[17,5],[15,-2],[34,6],[11,4],[6,-15],[4,-27],[-2,-7],[4,-15],[15,-5],[5,-13],[-2,-9],[2,-13],[12,-6],[7,-14],[11,-3],[17,-14],[-1,-27],[20,-11],[-1,-12],[4,-8],[15,-13],[5,-13],[14,-1],[11,-9],[0,-20],[3,-15],[8,-8],[17,-7],[13,-1],[8,-7],[22,-8],[15,2],[6,-9],[21,-3],[28,7],[18,-6],[14,-14]],[[3523,4029],[15,-18],[-59,-53],[-54,26],[-102,-42],[-29,37],[-84,45],[-122,16],[-143,-28]],[[0,4881],[5,58],[19,62],[59,64],[93,65],[10,55],[53,13],[10,-45],[-24,-83],[10,-52],[-98,-40],[-78,-141],[-59,44]],[[630,5244],[5,58],[54,55],[20,71],[161,104],[39,38],[112,-27],[15,37],[78,-16],[39,20],[74,-29],[48,-53],[25,-66],[0,-66],[-54,-91],[5,-154],[-20,-40],[-136,-113],[-40,22],[-175,17],[-88,103],[-118,42],[-44,88]],[[2945,4012],[-38,5],[-34,121],[-53,50],[-5,44],[-69,97],[0,89],[-63,65],[210,13],[63,71],[20,50],[63,70],[69,22],[29,-40],[29,-101],[98,-121],[20,-76],[-20,-21],[15,-68],[88,-80],[14,83],[59,-3],[-19,-93],[39,-35],[-5,-42],[68,-83]],[[4002,3680],[29,75],[44,42],[-9,84],[83,-3],[14,-20],[264,-42],[49,49],[20,-61],[107,-19],[132,26],[83,-36],[-39,-79],[-88,-74],[-98,-31],[-171,47],[-127,45],[-73,-21],[-142,-7],[-78,25]],[[4339,3347],[34,39],[64,7],[127,-27],[83,-87],[39,-74],[-44,-94],[-93,-42],[-83,-7],[-34,87],[-15,105],[-68,47],[-10,46]],[[4828,2720],[34,42],[137,83],[49,-44],[-20,-63],[25,-25],[-64,-27],[-24,21],[-88,-33],[-49,46]],[[4833,3374],[24,100],[54,81],[68,9],[64,-48],[49,-113],[49,-72],[117,42],[88,51],[127,-31],[0,-23],[83,-74],[49,-21],[24,-58],[152,-54],[24,-46],[0,-75],[-39,-63],[-63,-57],[-30,4],[-83,-52],[-68,14],[-147,-76],[-102,-13],[-83,37],[-35,304],[-34,29],[-68,-35],[-127,73],[-64,83],[-29,84]],[[5707,1391],[10,63],[93,110],[59,10],[63,135],[78,75],[15,84],[-83,136],[-20,65],[-4,152],[39,54],[88,-13],[88,-47],[14,-46],[108,-64],[73,-68],[59,9],[122,-46],[190,-112],[64,-27],[107,-88],[79,-83],[83,-110],[-15,-68],[5,-130],[39,-15],[78,18],[34,-83],[-4,-82],[107,-119],[108,-56],[24,-31],[-20,-63],[-63,-74],[-83,-68],[-69,-81],[-112,-55],[-98,-68],[-97,-26],[-79,22],[-44,-14],[-88,-95],[-78,-36],[-63,-70],[-69,-23],[-58,-85],[5,-48],[-39,-53],[-25,-86],[-98,-91],[-73,88],[-107,76],[-108,41],[-49,138],[25,163],[19,219],[-49,153],[5,67],[-44,17],[-24,165],[-34,96],[-44,11],[-40,157]]],"transform":{"scale":[0.0007345261465033659,0.0005936803986413789],"translate":[-160.24970712717126,18.91727560534605]},"objects":{"cds":{"type":"GeometryCollection","geometries":[{"arcs":[[0,1]],"type":"Polygon","properties":{"STATEFP":"15","CD118FP":"01","GEOID":"1501","GEOIDFQ":"5001800US1501","NAMELSAD":"Congressional District 1","LSAD":"C2","CDSESSN":"118","MTFCC":"G5200","FUNCSTAT":"N","ALAND":526027392,"AWATER":375881467,"INTPTLAT":"+21.3267681","INTPTLON":"-157.8782650"}},{"arcs":[[[2]],[[3]],[[4,-1]],[[5]],[[6]],[[7]],[[8]],[[9]]],"type":"MultiPolygon","properties":{"STATEFP":"15","CD118FP":"02","GEOID":"1502","GEOIDFQ":"5001800US1502","NAMELSAD":"Congressional District 2","LSAD":"C2","CDSESSN":"118","MTFCC":"G5200","FUNCSTAT":"N","ALAND":16108396524,"AWATER":11401493885,"INTPTLAT":"+19.8281671","INTPTLON":"-155.4950421"}}]}}}